model,reward_type,initial_portfolio_value,final_portfolio_value,total_return,sharpe,num_steps
policy_gradient,portfolio_return,100000.0,143745.60995518856,0.43745609955188547,0.9487847511934485,500
reinforce,portfolio_return,100000.0,135524.35278905497,0.3552435278905497,0.8162148081713275,500
