model,reward_type,initial_portfolio_value,final_portfolio_value,total_return,sharpe,num_steps
exp3,portfolio_return,100000.0,182146.42031820602,0.8214642031820603,1.1426851726138634,500
policy_gradient,portfolio_return,100000.0,122723.47490261654,0.22723474902616547,0.5696882132457577,500
